{
    "name":"Cube.001Geometry.2",
    "faces":[33,2,0,1,3,0,0,0,0,33,3,7,6,2,1,1,1,1,33,7,5,4,6,2,2,2,2,33,0,4,5,1,3,3,3,3,33,0,2,6,4,4,4,4,4,33,5,7,3,1,5,5,5,5],
    "influencesPerVertex":2,
    "animations":[],
    "uvs":[],
    "bones":[],
    "vertices":[1.95925,-0.156879,-2.62697,1.95925,8.46459,-2.62697,1.95925,-0.156879,2.62697,1.95925,8.46459,2.62697,-1.95925,-0.156879,-2.62697,-1.95925,8.46459,-2.62697,-1.95925,-0.156879,2.62697,-1.95925,8.46459,2.62697],
    "skinWeights":[],
    "normals":[1,0,-0,-0,1,-0,-1,-0,0,0,-1,0,0,0,1,0,0,-1],
    "skinIndices":[],
    "metadata":{
        "generator":"io_three",
        "uvs":0,
        "version":3,
        "faces":6,
        "bones":0,
        "vertices":8,
        "type":"Geometry",
        "normals":6
    }
}