{
    "name":"Cube.002Geometry",
    "faces":[33,2,0,28,29,0,0,0,0,33,33,30,6,9,1,1,1,1,33,30,31,4,6,2,2,2,2,33,0,11,32,28,3,3,3,3,33,11,9,15,14,4,4,4,4,33,5,7,53,54,5,5,5,5,33,7,8,52,53,6,6,6,6,33,2,9,22,20,7,7,7,7,33,31,32,11,4,8,8,8,8,33,29,33,9,2,9,9,9,9,33,15,13,17,19,10,10,10,10,33,9,6,13,15,11,11,11,11,33,4,11,14,12,12,12,12,12,33,6,4,12,13,13,13,13,13,33,18,19,17,16,14,14,14,14,33,13,12,16,17,15,15,15,15,33,14,15,19,18,16,16,16,16,33,12,14,18,16,17,17,17,17,33,22,23,27,26,18,18,18,18,33,9,11,23,22,19,19,19,19,33,11,0,21,23,20,20,20,20,33,0,2,20,21,21,21,21,21,33,25,24,26,27,14,14,14,14,33,20,22,26,24,22,22,22,22,33,23,21,25,27,23,23,23,23,33,21,20,24,25,24,24,24,24,33,3,8,33,29,25,25,25,25,33,5,10,32,31,26,26,26,26,33,10,1,28,32,27,27,27,27,33,31,30,36,37,28,28,28,28,33,8,7,30,33,29,29,29,29,33,29,28,42,45,30,30,30,30,33,35,37,41,39,31,31,31,31,33,5,31,37,35,32,32,32,32,33,7,5,35,34,33,33,33,33,33,30,7,34,36,34,34,34,34,33,38,39,41,40,35,35,35,35,33,34,35,39,38,36,36,36,36,33,37,36,40,41,37,37,37,37,33,36,34,38,40,38,38,38,38,33,45,42,46,49,39,39,39,39,33,28,1,43,42,40,40,40,40,33,3,29,45,44,41,41,41,41,33,1,3,44,43,42,42,42,42,33,47,48,49,46,43,43,43,43,33,43,44,48,47,44,44,44,44,33,44,45,49,48,45,45,45,45,33,42,43,47,46,46,46,46,46,33,55,54,60,61,47,47,47,47,33,51,50,56,57,48,48,48,48,33,10,5,54,55,49,49,49,49,33,8,3,51,52,50,50,50,50,33,3,1,50,51,51,51,51,51,33,1,10,55,50,52,52,52,52,33,60,59,65,66,53,53,53,53,33,58,57,63,64,54,54,54,54,33,50,55,61,56,55,55,55,55,33,53,52,58,59,56,56,56,56,33,52,51,57,58,57,57,57,57,33,54,53,59,60,58,58,58,58,33,62,67,73,68,59,59,59,59,33,67,66,72,73,60,60,60,60,33,57,56,62,63,61,61,61,61,33,61,60,66,67,62,62,62,62,33,56,61,67,62,63,63,63,63,33,59,58,64,65,64,64,64,64,33,73,70,69,68,65,65,65,65,33,72,71,70,73,66,66,66,66,33,65,64,70,71,67,67,67,67,33,64,63,69,70,68,68,68,68,33,66,65,71,72,69,69,69,69,33,63,62,68,69,70,70,70,70],
    "influencesPerVertex":2,
    "animations":"Cube.002Geometry.animations.json",
    "metadata":{
        "generator":"io_three",
        "uvs":0,
        "version":3,
        "faces":72,
        "bones":15,
        "vertices":74,
        "type":"Geometry",
        "normals":71
    },
    "uvs":[],
    "vertices":[1.01402,2.67062,-0.468523,1.03107,5.68444,-0.395838,1.01402,2.67062,0.531477,1.01914,5.6442,0.605962,-0.98598,2.67073,-0.468749,-1.24434,5.35404,-0.414651,-0.98598,2.67062,0.531477,-1.26209,5.22444,0.579472,0.007686,5.67297,0.532341,0.014019,2.67062,0.531477,-0.011416,5.68444,-0.45988,0.014019,2.67062,-0.468523,-0.830521,1.00133,-0.313064,-0.830521,1.00133,0.376018,-0.14144,1.00133,-0.313063,-0.14144,1.00133,0.376018,-0.830521,-0.537819,-0.313063,-0.830521,-0.537819,0.376018,-0.14144,-0.537819,-0.313063,-0.14144,-0.537819,0.376018,0.841799,1.08845,0.359257,0.841799,1.08845,-0.296302,0.186239,1.08845,0.359257,0.18624,1.08845,-0.296302,0.841799,-0.532481,0.359258,0.841799,-0.532481,-0.296302,0.186239,-0.532481,0.359258,0.186239,-0.532481,-0.296302,1.01402,4.866,-0.43357,1.01402,4.81515,0.566475,-0.968307,4.82433,0.566132,-0.954296,4.88617,-0.43305,0.014019,4.84054,-0.463494,0.014019,4.83571,0.532392,-1.37323,3.20698,0.20139,-1.37323,3.29406,-0.511113,-0.776723,3.15387,0.194899,-0.776723,3.24096,-0.517604,-1.4459,1.54691,-0.09575,-1.4459,1.6113,-0.62254,-1.00487,1.50765,-0.100549,-1.00486,1.57203,-0.627338,0.888207,3.55462,-0.533284,1.50507,3.58991,-0.527811,1.50507,3.47644,0.204005,0.888207,3.44114,0.198531,1.02158,1.81471,-0.762679,1.5751,1.84638,-0.757767,1.5751,1.74456,-0.101091,1.02158,1.71288,-0.106002,0.365633,5.84178,-0.13282,0.365633,5.83516,0.21545,0.014019,5.83631,0.207283,-0.48227,5.8359,0.222928,-0.459933,5.84458,-0.131624,0.014019,5.83935,-0.146408,0.365633,6.34724,-0.115181,0.365633,6.31001,0.234706,0.014019,6.30922,0.237291,-0.337594,6.30988,0.235121,-0.337594,6.34748,-0.114938,0.014019,6.34806,-0.114349,0.580813,6.76981,-0.170668,0.580813,6.70328,0.392208,0.014019,6.70328,0.392208,-0.552775,6.70328,0.392208,-0.552775,6.76981,-0.170668,0.014019,6.76981,-0.170668,0.580813,7.6728,-0.063934,0.580813,7.60627,0.498942,0.014019,7.60627,0.498942,-0.552775,7.60627,0.498942,-0.552775,7.6728,-0.063934,0.014019,7.6728,-0.063934],
    "bones":[{
        "parent":-1,
        "scl":[1.43007,1.43007,1.43007],
        "name":"Bone",
        "pos":[-0,4.15386,1.57428],
        "rotq":[0,-0,-1,-0]
    },{
        "parent":0,
        "scl":[1,1,1],
        "name":"shoulder.L",
        "pos":[0,-0,-1],
        "rotq":[-0.666567,-0.235985,0.235985,0.666567]
    },{
        "parent":1,
        "scl":[1,1,1],
        "name":"arm.L",
        "pos":[-0,0,-0.986175],
        "rotq":[0,-0.415229,0,0.909717]
    },{
        "parent":2,
        "scl":[1,1,1],
        "name":"forearm.L",
        "pos":[0,0,-1.07737],
        "rotq":[-0,-0.023434,-0,0.999725]
    },{
        "parent":0,
        "scl":[1,1,1],
        "name":"shoulder.R",
        "pos":[0,-0,-1],
        "rotq":[-0.656612,0.262413,-0.262413,0.656612]
    },{
        "parent":4,
        "scl":[1,1,1],
        "name":"arm.R",
        "pos":[-0,-0,-1.0327],
        "rotq":[0,0.387896,0,0.921703]
    },{
        "parent":5,
        "scl":[1,1,1],
        "name":"forearm.R",
        "pos":[1e-06,0,-1.33237],
        "rotq":[-0,-0.011661,-0,0.999932]
    },{
        "parent":0,
        "scl":[1,1,1],
        "name":"pelvis.L",
        "pos":[0,-0,-1],
        "rotq":[-0.108254,-0.698771,0.698771,0.108254]
    },{
        "parent":7,
        "scl":[1,1,1],
        "name":"thigh.L",
        "pos":[-0,-0,-1.20629],
        "rotq":[-0,-0.153094,-0,0.988212]
    },{
        "parent":8,
        "scl":[1,1,1],
        "name":"shin.L",
        "pos":[0,0,-1.11325],
        "rotq":[0,-0.009998,-0,0.99995]
    },{
        "parent":0,
        "scl":[1,1,1],
        "name":"pelvis.R",
        "pos":[0,-0,-1],
        "rotq":[-0.108002,0.69881,-0.69881,0.108002]
    },{
        "parent":10,
        "scl":[1,1,1],
        "name":"thigh.R",
        "pos":[0,-0,-1.14859],
        "rotq":[-0,0.144498,0,0.989505]
    },{
        "parent":11,
        "scl":[1,1,1],
        "name":"shin.R",
        "pos":[0,0,-1.09515],
        "rotq":[0,0.01759,0,0.999845]
    },{
        "parent":0,
        "scl":[1,1,1],
        "name":"neck",
        "pos":[0,-0,-1],
        "rotq":[-0.707107,-0,0,0.707107]
    },{
        "parent":13,
        "scl":[1,1,1],
        "name":"head",
        "pos":[0,0,-1.33225],
        "rotq":[0,-0.019597,-0,0.999808]
    }],